Wall time,Step,Value
1568004824.9380243,738,0.8040000200271606
1568005911.6558297,1476,0.7739999890327454
1568007004.4799545,2214,0.8100000023841858
1568008091.5746896,2952,0.859000027179718
1568009174.8926306,3690,0.8479999899864197
1568010256.56568,4428,0.8529999852180481
1568011339.262222,5166,0.8399999737739563
1568012418.397838,5904,0.8410000205039978
1568013501.878079,6642,0.8479999899864197
1568014586.1156828,7380,0.8700000047683716
1568015669.5076234,8118,0.8299999833106995
1568016755.2754228,8856,0.8420000076293945
1568017835.9220486,9594,0.8579999804496765
1568018967.9138556,10332,0.8429999947547913
1568020084.6042,11070,0.8460000157356262
1568021170.1992812,11808,0.8230000138282776
1568022261.6063597,12546,0.8560000061988831
1568023344.6072419,13284,0.843999981880188
1568024424.5614681,14022,0.8569999933242798
1568025508.3710804,14760,0.8529999852180481
1568026595.1920044,15498,0.878000020980835
1568027675.5896733,16236,0.8379999995231628
1568028774.7091568,16974,0.8489999771118164
1568029848.4447644,17712,0.859000027179718
1568030924.985432,18450,0.8539999723434448
1568032001.523377,19188,0.8550000190734863
1568033083.4000754,19926,0.8579999804496765
1568034163.8607855,20664,0.8529999852180481
1568035257.6438015,21402,0.8519999980926514
1568036346.7834847,22140,0.859000027179718
